"LeafDensity";"WoodDensity";"LeafPI0";"LeafEPS";"LeafAF";"Gswmax";"Gswmin";"Narea";"WoodC";"Kmax_stemxylem";"P50";"WUE";"Al2As"
"Acanthaceae";0.313590587230491;0.567588028582413;-3.395;23.23;0.127;0.25;NA;1.52359900893255;0.424216666666667;NA;NA;NA;3070.43201987919
"Achariaceae";0.255249479693294;0.592479606114708;NA;NA;NA;NA;NA;1.72887845587199;NA;NA;NA;3.66263046389304;NA
"Acoraceae";0.1;NA;NA;NA;NA;NA;NA;NA;NA;NA;NA;NA;NA
"Actinidiaceae";0.448610722007946;0.409231991388889;NA;NA;NA;NA;NA;1.34845868658071;NA;NA;NA;NA;NA
"Adoxaceae";0.407992689557594;0.513842335514631;-1.56;12.79;NA;NA;NA;1.21864400867356;NA;4.0535575;-3.03848331369631;2.80742447388889;4889.57294627068
"Aextoxicaceae";NA;0.566666666666667;NA;NA;NA;NA;NA;1.27323648441726;NA;NA;NA;NA;NA
"Aizoaceae";0.05526858395225;NA;NA;NA;NA;NA;NA;NA;NA;NA;NA;NA;NA
"Akaniaceae";NA;0.5547825;NA;NA;NA;NA;NA;NA;NA;NA;NA;NA;NA
"Alismataceae";0.191420777867098;NA;NA;NA;NA;NA;NA;1.73301226286553;NA;NA;NA;NA;NA
"Alstroemeriaceae";NA;NA;NA;NA;NA;NA;NA;2.47379999999456;NA;NA;NA;NA;NA
"Altingiaceae";0.68339710407;0.601094795319029;NA;NA;NA;0.5;NA;0.955923339445162;0.4435;0.505;-2.0370146982948;NA;5129.9008973022
"Amaranthaceae";0.211876208009563;0.598910305255092;-2.25;NA;NA;0.075;NA;2.37451130372305;0.415447169833713;0.0819;-2.42524019016212;19.0040794868198;973.13499981516
"Amaryllidaceae";0.123673810909913;NA;NA;NA;NA;NA;0.01804;1.83883420306488;0.45084;NA;NA;11.4505601135647;NA
"Amborellaceae";NA;NA;NA;NA;NA;NA;NA;NA;NA;0.54;-3;NA;4255.31914893617
"Amphorogynaceae";NA;NA;NA;NA;NA;NA;NA;1.58472455763382;NA;NA;NA;NA;NA
"Anacampserotaceae";0.025004750903;NA;NA;NA;NA;NA;NA;NA;NA;NA;NA;NA;NA
"Anacardiaceae";0.456247017585206;0.571068173304368;-1.7;12.76;NA;0.314833333333333;0.012229938272;1.94736953071997;0.456686666666667;4.07720161875556;-2.65352349808831;15.0428103157817;17392.1350896902
"Ancistrocladaceae";NA;NA;NA;NA;NA;NA;NA;0.0862839463733242;NA;NA;NA;NA;NA
"Anisophylleaceae";NA;0.673477985584127;NA;NA;NA;NA;NA;NA;NA;NA;NA;NA;NA
"Annonaceae";0.376515022228537;0.562596751358151;-2.16;23.71;NA;NA;NA;1.63339662360434;0.4726;5.27066666666667;-2.5276068068081;NA;10266.6565442246
"Aphloiaceae";0.462706016205;0.62052;NA;NA;NA;NA;NA;NA;NA;NA;NA;NA;NA
"Apiaceae";0.276092041222764;0.206049925855708;NA;NA;NA;NA;0.001587301587;1.92894125795629;0.437431238095238;0.515;-5.7;2.51583020522222;81.2254703760829
"Apocynaceae";0.297983112176129;0.567909841888469;-2.39;20.94;NA;NA;NA;1.72454177790582;0.492475;2.56516666666667;-2.48643343486728;28.9248106641426;19766.8013439606
"Aptandraceae";0.331849176168036;0.707675623594739;NA;NA;NA;NA;NA;1.90689007708551;NA;NA;NA;NA;NA
"Aquifoliaceae";0.482163132006722;0.557939386730132;-2.3;20.7;0.4;0.26;0.000574;1.52957276201889;0.43175;0.22557571725;-3.64377816544665;NA;5890.90788745212
"Araceae";0.159179163979079;NA;NA;NA;NA;NA;NA;1.03570139652773;NA;NA;NA;NA;NA
"Araliaceae";0.281163510462474;0.409823204203711;-1.52850279638025;11.2314621632322;0.4065;NA;0.000390245805166667;1.53457118656915;0.454066666666667;1.6809011385;-1.65308588107349;NA;3591.08703847341
"Araucariaceae";0.344790179429253;0.464145587145576;NA;NA;NA;NA;0.00187858;2.74761195603202;NA;0.73225;-2.61832255736322;NA;3846.15384615385
"Arecaceae";0.41472385451938;0.590903468377631;-3.4;73.4;0.2;NA;0.00045;1.59176336176555;0.4556;NA;-1.81;3.55832;9428.35820990573
"Aristolochiaceae";0.268143429804311;0.26;NA;NA;NA;NA;0.0035895555555;1.23375321439322;NA;NA;NA;NA;NA
"Asparagaceae";0.216073123620076;0.425425835063232;NA;NA;NA;NA;NA;1.85161314480254;0.4631;NA;-1.696;14.2542294968852;NA
"Asphodelaceae";0.40325274773192;0.395199;NA;NA;NA;NA;NA;3.30552890331957;NA;NA;NA;NA;NA
"Aspleniaceae";0.236943727564428;NA;-1.24;35.3;NA;NA;0.0082;1.21331332788052;NA;NA;NA;NA;NA
"Asteraceae";0.250252144928766;0.443420385803555;-1.47138888888889;14.4914285714286;0.2435;0.1275;0.01052882275125;1.65579844027439;0.436514157694167;0.4986571425;-3.25658600797085;2.72602740774406;2423.12470458133
"Asteropeiaceae";NA;0.841696407;NA;NA;NA;NA;NA;NA;NA;NA;NA;NA;NA
"Atherospermataceae";0.245135656272864;0.476762068671452;-1.34;8.38;NA;NA;NA;1.77630821960783;NA;NA;-3.00633333338889;NA;2435.95629845164
"Athyriaceae";0.227061540716616;NA;NA;NA;NA;NA;NA;1.21836903536867;NA;NA;NA;NA;NA
"Austrobaileyaceae";0.262099166286689;NA;NA;NA;NA;NA;NA;NA;NA;2.3;-0.499;NA;15384.6153846154
"Balanopaceae";NA;0.7348976;NA;NA;NA;NA;NA;NA;NA;NA;NA;NA;NA
"Balsaminaceae";0.404501331506748;0.0910834117998805;NA;NA;NA;NA;0.0126573015875;0.723950542290012;NA;NA;NA;1.8189981791992;NA
"Begoniaceae";0.109399285736596;NA;NA;NA;NA;NA;NA;0.85842;NA;NA;NA;NA;NA
"Berberidaceae";0.359945272235495;0.685266162668947;NA;NA;NA;NA;0.00165;1.42858611077019;NA;0.0873333333333333;-4.5;3.43642129277778;570.094067238788
"Betulaceae";0.444939056770679;0.53788182598292;-1.20188397851662;5.49866666666667;NA;0.3965;0.0029730565935;1.33151572278553;0.47219619047619;2.8733374;-2.1017591053543;NA;7591.16580872773
"Bignoniaceae";0.345637837502144;0.625067741333335;-1.99;17.61;0.177;NA;NA;1.94172002923745;0.461807717768056;2.10149;-0.861666666666667;NA;12439.8082743605
"Bixaceae";0.44;0.354635731924036;NA;NA;NA;NA;NA;1.60716298256521;NA;NA;NA;NA;12274.0142364534
"Blechnaceae";0.223611146844046;NA;NA;NA;NA;NA;NA;1.01470162925951;NA;NA;NA;NA;NA
"Bonnetiaceae";0.279782888478541;0.84;NA;NA;NA;NA;NA;NA;NA;NA;NA;NA;NA
"Boraginaceae";0.284836407930621;0.452536423402787;-1.14;NA;NA;NA;0.00574021164;1.29599181222447;0.41535;NA;-3.56770657218557;2.51981601133333;NA
"Brassicaceae";0.241371492100587;0.390951033874684;-1.485;7.71;0.232;NA;0.01066;1.76141359488941;0.426861060216452;NA;NA;2.88129460033333;NA
"Bromeliaceae";0.159343403295251;NA;NA;NA;NA;NA;NA;1.54925813529767;NA;NA;NA;NA;NA
"Brunelliaceae";NA;0.31125;NA;NA;NA;NA;NA;2.3745434574546;NA;NA;NA;NA;NA
"Bruniaceae";NA;0.56365;NA;NA;NA;NA;NA;NA;NA;0.2515;-3.38835576523192;NA;NA
"Burseraceae";0.433211832230534;0.519755135405133;-1.435;14.98;NA;NA;NA;1.54976941377751;0.451628888888889;3.405;-1.30549697986519;4.390856533969;12432.7948319105
"Buxaceae";0.270629449230875;0.702920296299124;NA;NA;NA;NA;NA;4.21163485917668;NA;NA;-8;NA;NA
"Cactaceae";0.205648542389188;0.61875;NA;8.7;NA;NA;2.4338624e-05;17.5849409932212;NA;1.86880952380952;-1.2875;NA;2555.33971227305
"Calophyllaceae";0.396821596878463;0.606785530525303;NA;NA;NA;0.135;NA;1.48246658275148;0.4663;0.898285714285714;-1.54;NA;2662.69155200707
"Calycanthaceae";0.335678507331114;0.650055;NA;NA;NA;NA;NA;0.844725340664218;NA;NA;-1.28084745029351;NA;NA
"Calyceraceae";0.168936648604503;NA;NA;NA;NA;NA;NA;NA;NA;NA;NA;NA;NA
"Campanulaceae";0.238803283443163;0.677662946831995;NA;NA;NA;NA;NA;1.68582165755783;0.4498475;NA;NA;2.80432638214713;NA
"Canellaceae";NA;0.680825450705361;NA;NA;NA;NA;NA;NA;NA;NA;-0.232;NA;NA
"Cannabaceae";0.405551744687276;0.548692234790402;-1.58;5.18;NA;0.33;NA;1.94823496110398;0.468358333333333;4.33961052466667;-1.5325303643458;31.3850436142489;29402.7987457712
"Cannaceae";NA;NA;NA;NA;NA;NA;NA;0.926487747957993;NA;NA;NA;NA;NA
"Capparaceae";0.362528132058893;0.635125644066365;-2.84;14.75;0.172333333333333;NA;NA;4.45229985793433;NA;0.557266666666667;-2.36152343445681;NA;26604.5548654244
"Caprifoliaceae";0.328234250454721;0.433479160662291;NA;NA;NA;NA;NA;1.13656877063647;0.447555208333333;0.252101;-5.51448325181193;3.43984019244444;7568.54260841761
"Cardiopteridaceae";NA;0.617579478382943;NA;NA;NA;NA;NA;3.20932214630934;NA;NA;NA;NA;11764.7058823529
"Caricaceae";0.214535407847679;0.19103920967389;NA;NA;NA;NA;NA;1.16511468049418;NA;NA;NA;27.9099786683838;NA
"Caryocaraceae";0.460855821559643;0.675816519277486;-1.71;11.34;NA;NA;NA;1.51507525789081;NA;1.75872727272727;-1.67666666666667;NA;5579.67761113855
"Caryophyllaceae";0.298641976400453;0.32634380952381;NA;NA;NA;NA;0.001851851852;1.34387670116826;0.416361296066284;NA;NA;NA;NA
"Casuarinaceae";0.507398947359004;0.823766180180638;NA;NA;NA;NA;NA;4.01268805690475;0.42;1.8954047926;-2.175;NA;3647.15783548853
"Celastraceae";0.417420392633341;0.641463868185847;-2.6;19.06;NA;NA;NA;1.75243917930368;0.49;NA;-3.46791666666667;2.41833694077778;8199.20056000002
"Centroplacaceae";NA;0.655;NA;NA;NA;NA;NA;1.49156101969015;NA;NA;NA;NA;NA
"Cephalotaxaceae";NA;0.5317845;NA;NA;NA;NA;0.00227;2.467;NA;NA;NA;NA;NA
"Cercidiphyllaceae";0.289693055612631;0.450925555555556;NA;NA;NA;0.4;NA;NA;NA;NA;NA;NA;NA
"Cervantesiaceae";NA;0.615143333333333;NA;NA;NA;NA;NA;2.57387138299383;NA;NA;NA;NA;NA
"Chloranthaceae";0.212584112352;0.391240533333333;NA;NA;NA;NA;NA;1.63563608276504;NA;NA;-1.72285714285714;NA;NA
"Chrysobalanaceae";0.410357918946298;0.784256071394162;NA;NA;NA;0.174;NA;1.60380811838765;0.4886;NA;-2.2;39.9726230232793;10531.8385138631
"Cibotiaceae";NA;NA;NA;NA;NA;NA;NA;1.37475071210567;NA;NA;NA;NA;NA
"Cistaceae";0.309349257164884;0.484668144513164;NA;NA;NA;NA;0.008282;2.38981679225842;0.4698925;0.395848171944444;-7.19518918929785;NA;2129.37624116019
"Cleomaceae";NA;0.6126;NA;NA;NA;NA;NA;0.667929121549196;NA;NA;-2.18426781453301;NA;NA
"Clethraceae";0.428019187172702;0.53367787254217;NA;NA;NA;0.25;NA;1.62449032268697;0.44;NA;NA;NA;NA
"Clusiaceae";0.342639087611918;0.697437626592849;NA;NA;NA;NA;NA;1.85508121371602;NA;0.595;-1.31723266036778;NA;6563.5249098337
"Cochlospermaceae";0.437888288954724;0.252105015527273;NA;NA;NA;NA;NA;1.37807369945108;NA;7.75;-1.44;NA;1757.46924468791
"Codonaceae";NA;NA;NA;NA;NA;NA;NA;4.96808510638298;NA;NA;NA;NA;NA
"Colchicaceae";NA;NA;NA;NA;NA;NA;NA;0.694753940535141;NA;NA;NA;NA;NA
"Comandraceae";0.263005872027793;NA;NA;NA;NA;NA;NA;1.16309937616821;NA;NA;NA;NA;NA
"Combretaceae";0.376156428666592;0.655973765852136;-2.11;6.83;NA;NA;0.01312;2.33153105157542;0.467828218095238;5.74366666666667;-1.84833333333333;37.7771941389198;23650.6210268618
"Commelinaceae";0.147981059827901;NA;NA;NA;NA;NA;NA;1.43306093410936;NA;NA;NA;NA;NA
"Connaraceae";0.399407129170986;0.558985952125;-2.25;18.01;NA;NA;NA;1.52366898088481;NA;NA;NA;NA;NA
"Convolvulaceae";0.261403444670861;0.480066896739768;-1.32;NA;NA;NA;0.0041966507935;1.19165238211402;0.42;2.2;-1.59871019179814;NA;NA
"Coriariaceae";NA;NA;NA;NA;NA;NA;NA;2.34501242118405;NA;NA;NA;NA;NA
"Cornaceae";0.394884039277589;0.617564093755223;NA;NA;NA;0.3;NA;0.927752516372969;NA;2.34397766666667;-4.13788326362868;NA;7967.72047008924
"Corynocarpaceae";0.24987506247;0.66653375;NA;NA;NA;NA;NA;2.17391304347826;0.452;NA;NA;NA;NA
"Costaceae";NA;NA;NA;NA;NA;NA;NA;0.894208888201703;NA;NA;NA;NA;NA
"Coulaceae";0.452936760185957;0.811526140447693;NA;NA;NA;NA;NA;1.67404452164934;NA;NA;NA;NA;10676.3866786374
"Crassulaceae";0.0587753227822212;NA;NA;NA;NA;NA;0.002275132275;3.0030004215976;NA;NA;NA;2.07908330166667;NA
"Crypteroniaceae";NA;0.497675333333333;NA;NA;NA;NA;NA;1.58705819492939;NA;NA;NA;NA;NA
"Ctenolophonaceae";NA;0.769199844041667;NA;NA;NA;NA;NA;NA;NA;NA;NA;NA;NA
"Cucurbitaceae";0.232774468822469;0.355765074;-0.98;NA;NA;NA;NA;2.68625461607516;NA;NA;NA;NA;NA
"Cunoniaceae";0.362398484968993;0.575439953060779;NA;NA;NA;NA;NA;1.45693768232711;NA;NA;-1.15;NA;4781.22975042831
"Cupressaceae";0.313001031017537;0.497011222588957;-1.48;12.6;0.272;0.084;0.00631919874862585;2.74907950013374;0.50570165307971;0.932513132892157;-8.30497673954062;NA;1902.29799908248
"Curtisiaceae";NA;0.730219;NA;NA;NA;NA;NA;1.56599588878069;NA;NA;NA;NA;NA
"Cyatheaceae";0.267543582704167;0.7355404;NA;NA;NA;NA;NA;1.25120913691166;NA;NA;NA;NA;NA
"Cycadaceae";0.644875;NA;NA;NA;NA;NA;NA;4.02803786914363;NA;NA;NA;NA;NA
"Cyclanthaceae";NA;NA;NA;NA;NA;NA;NA;0.947317544707588;NA;NA;NA;NA;NA
"Cyperaceae";0.311818086483512;0.254222206838848;NA;NA;NA;NA;0.0190599656005;1.57400212376447;0.463973666666667;NA;NA;3.359357506608;NA
"Cyrillaceae";NA;0.599841111111111;NA;NA;NA;NA;NA;1.19486851134621;NA;NA;NA;NA;NA
"Cystopteridaceae";0.280043633423371;NA;NA;NA;NA;NA;NA;0.621399598135217;NA;NA;NA;NA;NA
"Daphniphyllaceae";NA;0.506294738095238;NA;NA;NA;NA;NA;1.36192209325729;NA;0.46;-0.598570489936836;NA;NA
"Degeneriaceae";NA;0.3425;NA;NA;NA;NA;NA;NA;NA;NA;NA;NA;NA
"Dennstaedtiaceae";0.265894396500183;NA;NA;NA;NA;NA;NA;0.982642671831587;NA;21.98;-1.99;NA;NA
"Diapensiaceae";NA;NA;NA;NA;NA;NA;NA;1.41961831209801;NA;NA;NA;NA;NA
"Dichapetalaceae";0.352273202010586;0.624966016044254;NA;NA;NA;NA;NA;1.6004263935838;NA;NA;NA;NA;7505.55229241206
"Dicksoniaceae";0.46975490845;NA;NA;NA;NA;NA;NA;1.35849056603774;NA;NA;NA;NA;NA
"Dicranaceae";NA;NA;NA;NA;NA;NA;NA;0.0561;NA;NA;NA;NA;NA
"Didiereaceae";NA;0.3829183172;NA;NA;NA;NA;NA;3.28254275750048;NA;NA;NA;NA;NA
"Dilleniaceae";0.322451821115438;0.588631005541668;NA;NA;NA;NA;NA;1.76251262866974;NA;1.25;-1.41126757629594;NA;7762.89456332708
"Dioscoreaceae";0.20030085729165;NA;NA;NA;NA;NA;NA;0.9222161700095;NA;NA;NA;NA;NA
"Dipentodontaceae";0.296512404896;NA;NA;NA;NA;NA;NA;NA;NA;NA;NA;NA;NA
"Dipterocarpaceae";0.503464602281535;0.638157244520692;-1.13142857142857;23.63;0.463428571428571;0.387472222222222;NA;1.7626782869975;0.474475;8.88571428571429;-0.362857142857143;4.41141175913445;NA
"Droseraceae";0.13426725883;NA;NA;NA;NA;NA;NA;0.521274654217183;NA;NA;NA;NA;NA
"Dryopteridaceae";0.270359266822659;NA;-1.425;48.95;NA;NA;NA;1.01415185813034;NA;NA;-2.5797602303914;NA;NA
"Ebenaceae";0.420740690544355;0.682832023229967;-2.11;14.65;NA;NA;NA;2.07305747734723;0.4828;1.5527758585;-1.50932869420792;3.71997080813575;5273.29131586121
"Ehretiaceae";0.312861088810249;0.559343152700742;-1.6475;11.2959375;NA;0.29;0.00656;2.13744853630479;0.4622;4.09248989777273;-2.45488116793831;32.690766143858;10097.6984295717
"Elaeagnaceae";0.312104566335;0.553952607466589;NA;NA;NA;0.17;NA;2.69647056553451;NA;NA;NA;NA;NA
"Elaeocarpaceae";0.401307655313039;0.545311957319466;NA;NA;NA;NA;NA;1.309240651183;0.435;NA;NA;NA;8949.89085194495
"Ephedraceae";NA;0.78;NA;NA;NA;NA;NA;4.6269904302482;NA;NA;NA;NA;NA
"Equisetaceae";0.394277645775;0.203135313531353;NA;NA;NA;NA;NA;1.77950515508639;NA;NA;NA;1.66503431977778;NA
"Ericaceae";0.453611109832282;0.604323243730249;-1.67;14.382;0.466;0.172333333333333;0.0041455322752;1.43840515581816;0.486510744047619;0.615180643294118;-2.81426854218247;NA;2627.91999424428
"Erythropalaceae";0.403975708631682;0.711731297729198;NA;NA;NA;NA;NA;1.68808693290556;NA;NA;NA;NA;11359.7308536441
"Erythroxylaceae";0.342002490039822;0.778613593837381;-1.91666666666667;16.9933333333333;NA;NA;NA;1.70393619694209;NA;0.5352;NA;NA;16409.5945220755
"Escalloniaceae";0.220419215983577;0.5585952;NA;NA;NA;NA;NA;1.34710807468553;NA;NA;NA;NA;NA
"Eucommiaceae";NA;0.762;NA;NA;NA;NA;NA;NA;NA;NA;NA;NA;NA
"Euphorbiaceae";0.325650776293572;0.48824945864542;-1.26;17.57;0.4745;0.261666666666667;0.00265;1.83889630667739;0.470984181308333;3.38167166120455;-1.46381273666269;17.4754348482883;9672.17177284433
"Euphroniaceae";NA;0.62;NA;NA;NA;NA;NA;NA;NA;NA;NA;NA;NA
"Eupomatiaceae";0.244570875457665;0.5779;NA;NA;NA;NA;NA;NA;NA;1.12397;-0.395;NA;12833.1155981387
"Eupteleaceae";NA;0.54252;NA;NA;NA;NA;NA;NA;NA;NA;NA;NA;NA
"Fabaceae";0.387987543222124;0.67500561315524;-1.64172413793103;13.5779166666667;0.260909090909091;0.306666666666667;0.00851776810457567;2.32446314668902;0.454967143751773;2.90754025602885;-2.3650427138614;10.4628756712729;12651.8758657353
"Fagaceae";0.516092590251984;0.66783462518009;-1.99408037866875;18.1328000717231;0.220666666666667;0.31276014957265;0.006013731508375;1.70846486058599;0.458959310409455;2.53060612743636;-2.58785336955619;2.4331006;5568.80114553688
"Fissidentaceae";NA;NA;NA;NA;NA;NA;NA;0.116;NA;NA;NA;NA;NA
"Fouquieriaceae";0.245371777186667;NA;NA;NA;NA;NA;NA;3.47947288583335;NA;NA;-1.34527854015764;NA;NA
"Frankeniaceae";NA;0.5;NA;NA;NA;NA;NA;NA;NA;NA;NA;NA;NA
"Garryaceae";0.357962838341192;0.687072241999901;NA;NA;NA;NA;NA;1.93573131415689;NA;1.93333333333333;-6.26918498717762;NA;3187.8022286949
"Gentianaceae";0.297764173678824;0.687761228925761;NA;NA;NA;NA;NA;1.50330483203079;0.465486666666667;NA;NA;2.74556212066667;NA
"Geraniaceae";0.248506694518619;0.09420278;-0.73;3.74;NA;NA;0.004305;1.09563365515579;0.43814;NA;NA;3.24846369455556;NA
"Gesneriaceae";0.0604484172910289;NA;NA;NA;NA;NA;NA;1.03786600728779;NA;NA;NA;NA;NA
"Ginkgoaceae";0.2284168087624;0.461884947484384;NA;NA;NA;NA;NA;1.1245445479875;NA;NA;-4.33063492061905;NA;19503.8041361256
"Gleicheniaceae";0.49165596919;NA;NA;NA;NA;NA;NA;0.989739747983755;NA;NA;NA;NA;NA
"Gnetaceae";NA;0.61;NA;NA;NA;NA;NA;1.90096196609022;NA;1.29;-3.860166666625;NA;11744.1637964026
"Goodeniaceae";0.205109031489946;NA;-1.5;NA;NA;NA;NA;2.3859933333419;NA;NA;NA;NA;NA
"Goupiaceae";0.4660717128688;0.714080563380282;NA;NA;NA;NA;NA;1.44721585298146;NA;NA;NA;NA;NA
"Griseliniaceae";NA;0.6035;NA;NA;NA;NA;NA;1.55468693773357;NA;NA;NA;NA;NA
"Grossulariaceae";0.3485915493;0.551571947878723;-1.845;NA;NA;NA;NA;0.944937205431288;NA;NA;-3.56583333333333;2.77382237488889;4598.6
"Gunneraceae";NA;NA;NA;NA;NA;NA;NA;2.47430000000074;NA;NA;NA;NA;NA
"Gyrostemonaceae";NA;0.3646622;NA;NA;NA;NA;NA;NA;NA;NA;NA;NA;NA
"Haemodoraceae";NA;NA;NA;NA;NA;NA;NA;2.04501430094554;NA;NA;NA;NA;NA
"Haloragaceae";0.13124461897;NA;NA;NA;NA;NA;NA;0.822150472071362;NA;NA;NA;NA;NA
"Hamamelidaceae";0.388452561020939;0.642496752747253;NA;NA;NA;0.26;NA;1.2799858925178;NA;NA;NA;NA;NA
"Heliconiaceae";NA;NA;NA;NA;NA;NA;NA;1.29121173063515;NA;NA;NA;NA;NA
"Heliotropiaceae";NA;0.509019610655328;NA;NA;NA;NA;NA;1.35394123562676;NA;NA;NA;NA;NA
"Hemidictyaceae";0.015035618184;NA;NA;NA;NA;NA;NA;NA;NA;NA;NA;NA;NA
"Hernandiaceae";0.415259805692468;0.291179570692686;NA;NA;NA;NA;NA;1.86934959660702;NA;NA;NA;NA;NA
"Himantandraceae";NA;0.512638824717949;NA;NA;NA;NA;NA;NA;NA;NA;-1.3;NA;NA
"Hookeriaceae";NA;NA;NA;NA;NA;NA;NA;0.0874;NA;NA;NA;NA;NA
"Humiriaceae";0.495361671058571;0.768961460758195;NA;NA;NA;NA;NA;1.77534671031225;NA;NA;NA;NA;6548.4205
"Hydrangeaceae";0.169082507048186;0.83;NA;NA;NA;NA;NA;0.818090677198827;NA;NA;NA;NA;NA
"Hydrocharitaceae";0.400497872201232;NA;NA;NA;NA;NA;NA;NA;NA;NA;NA;NA;NA
"Hydrophyllaceae";0.352287394605337;0.54;-1.26;NA;NA;NA;NA;3.37324550461432;0.47;NA;NA;2.30084887044444;5314
"Hymenophyllaceae";0.324406765834375;NA;NA;NA;NA;NA;NA;NA;NA;NA;NA;NA;NA
"Hypericaceae";0.3050889783325;0.607254298252559;NA;NA;NA;NA;NA;1.48045097572017;0.454716666666666;NA;NA;NA;NA
"Hypoxidaceae";0.129917105776427;NA;NA;NA;NA;NA;NA;0.849679999999999;NA;NA;NA;NA;NA
"Icacinaceae";0.467749979673764;0.560673778138757;NA;NA;NA;NA;NA;1.6556453946223;NA;NA;NA;NA;NA
"Iridaceae";0.29085800677246;0.30879059818991;NA;NA;NA;NA;NA;1.84612100409486;NA;NA;NA;2.49429369477642;NA
"Irvingiaceae";NA;0.884168149070616;-1.69;38.38;0.476;NA;NA;1.75034549256824;NA;NA;NA;NA;NA
"Iteaceae";NA;NA;NA;NA;NA;NA;NA;0.833963752896426;NA;0.45;-2.49452366002752;NA;NA
"Ixerbaceae";0.43066322136;NA;NA;NA;NA;NA;NA;0.848837209302326;NA;NA;NA;NA;NA
"Ixonanthaceae";0.3649649327175;0.679930364583333;NA;NA;NA;NA;NA;1.53688819473438;NA;NA;NA;NA;NA
"Juglandaceae";0.520036884196756;0.519551916892463;NA;NA;NA;0.49;0.0039355454545;1.23458719836358;0.477130555555556;4.205;-1.57018517265631;NA;12321.5
"Juncaceae";0.187983385473792;0.184106623053489;NA;NA;NA;NA;NA;1.56586787413075;0.4238725;NA;NA;2.7439335781895;NA
"Juncaginaceae";NA;NA;NA;NA;NA;NA;NA;NA;0.39873658657074;NA;NA;NA;NA
"Kirkiaceae";NA;0.50799;NA;NA;NA;NA;NA;NA;NA;NA;NA;NA;NA
"Krameriaceae";NA;NA;NA;NA;NA;0.16;NA;2.59386562898532;NA;NA;NA;NA;NA
"Lacistemataceae";0.251583781460366;0.483267469842644;NA;NA;NA;NA;NA;1.32733972224019;NA;NA;NA;NA;15122.28822
"Lamiaceae";0.281181998335949;0.505653026405356;-1.184;6.12;0.22;0.73;0.00523772028216667;1.38594361613622;0.465044444444444;4.86860766483333;-4.14941019416758;3.27460808773584;6104.73014684718
"Lardizabalaceae";NA;NA;NA;NA;NA;NA;NA;1.37028727572371;NA;NA;NA;NA;NA
"Lauraceae";0.428831788899897;0.541388882496467;-2.07472843450479;16.7633727810651;0.176;0.22125;NA;1.80192753327473;0.467790740740741;1.1201254556;-2.15287959170056;21.0636943692263;8790.55980079234
"Lecythidaceae";0.423677041932333;0.67625629747289;NA;NA;NA;NA;NA;2.07706948049704;0.461875;6.544345;-1.35833333333333;33.0150093711403;9281.45093320052
"Lentibulariaceae";0.054636855532;NA;NA;NA;NA;NA;NA;0.286363385284821;0.44502;NA;NA;NA;NA
"Lepidobotryaceae";NA;0.483665172824481;NA;NA;NA;NA;NA;2.06469046748927;NA;NA;NA;NA;NA
"Liliaceae";0.1;NA;NA;NA;NA;NA;NA;1.72294370500998;NA;NA;NA;2.55415996766667;NA
"Linaceae";0.386986224195856;0.632526893754828;NA;NA;NA;NA;NA;1.27964542718448;NA;NA;NA;NA;8947.01118999999
"Lindsaeaceae";NA;NA;-1.97;7.34;0.17;NA;NA;1.32858765309829;NA;NA;NA;NA;NA
"Loasaceae";0.27;NA;NA;NA;NA;NA;NA;NA;NA;NA;NA;NA;NA
"Loganiaceae";0.421388592384206;0.630490801867062;NA;NA;NA;NA;NA;1.56539047438355;0.4943;NA;NA;NA;NA
"Lomariopsidaceae";NA;NA;NA;NA;NA;NA;NA;NA;NA;NA;-1.11926875544347;NA;NA
"Loranthaceae";0.377099527211246;0.6322;NA;NA;NA;NA;NA;3.49717428115032;NA;0.281769581;NA;NA;1657.46812325574
"Lycopodiaceae";0.48024337155;NA;NA;NA;NA;NA;NA;0.987804398253811;NA;NA;NA;NA;NA
"Lygodiaceae";0.50660066007;NA;NA;NA;NA;NA;NA;0.879349707719712;NA;NA;NA;NA;NA
"Lythraceae";0.380380541209526;0.602007257829498;-1.535;6.055;NA;NA;NA;1.36587158136002;0.4219;6.18;-1.18351172039305;NA;8169.26721673066
"Magnoliaceae";0.358134326976189;0.470789026195772;-1.43;9.14;0.156;0.3075;0.00388;1.52548735655461;0.45;NA;-1.616207028088;2.891305;10328.1464251569
"Malpighiaceae";0.337366364163067;0.616437083101588;-1.54;9.45;NA;NA;NA;1.69845322727081;0.47659893195;11.05;-1.26;NA;9022.13816604312
"Malvaceae";0.342475197986946;0.483495625092137;-2.11;17.73;NA;0.55325;0.0064056;1.62056931866926;0.461155303030303;5.0140646969697;-1.5443759478364;13.8054211055718;13576.8910232629
"Marantaceae";NA;NA;NA;NA;NA;NA;NA;1.01019759719186;NA;NA;NA;NA;NA
"Marattiaceae";0.0827889890940956;NA;NA;NA;NA;NA;NA;1.43775300049712;NA;NA;NA;NA;NA
"Marcgraviaceae";0.169811320752358;NA;NA;NA;NA;NA;NA;1.35;NA;NA;NA;NA;NA
"Mazaceae";NA;NA;NA;NA;NA;NA;NA;2.19278049472523;NA;NA;NA;NA;NA
"Melanthiaceae";0.181179316275047;NA;NA;NA;NA;NA;NA;1.04106535327037;NA;NA;NA;3.37655859077778;NA
"Melastomataceae";0.338369785391134;0.644099428789789;-1.754;12.3066666666667;NA;NA;NA;1.81140423124681;0.46205;3.24482432916667;-2.2465;NA;9240.86597058434
"Meliaceae";0.355108598716479;0.589227288684669;NA;NA;NA;0.16;NA;1.75200439972369;0.466728054335;3.50742142857143;-1.68247300420504;26.2026272458526;20124.3407727276
"Melianthaceae";0.294216770425459;0.621053821428571;NA;NA;NA;NA;NA;1.79462542420802;NA;NA;NA;NA;NA
"Menispermaceae";0.252206552786681;0.520592357777778;NA;NA;NA;NA;NA;1.58254403478799;NA;NA;-0.64;NA;40933.948979926
"Menyanthaceae";0.122448656179786;NA;NA;NA;NA;NA;NA;1.4488315520897;NA;NA;NA;NA;NA
"Metteniusaceae";NA;0.536637390159977;NA;NA;NA;NA;NA;2.45230488784795;NA;NA;NA;NA;5891.68759999999
"Molluginaceae";0.14;NA;NA;NA;NA;NA;NA;NA;NA;NA;NA;NA;NA
"Monimiaceae";0.214411250862082;0.517982317207802;NA;NA;NA;NA;NA;1.74306288286339;NA;NA;NA;NA;NA
"Montiaceae";0.0714578823333333;NA;NA;NA;NA;NA;NA;1.94481147845783;NA;NA;NA;NA;NA
"Moraceae";0.346068848637049;0.498858372348573;-1.3535625;13.575;NA;0.3835;0.006402;1.73506888488587;0.465995789473684;4.26356266361111;-1.00124067334952;21.7140076552328;9798.06963013881
"Moringaceae";NA;0.261744;NA;NA;NA;NA;NA;NA;NA;NA;NA;NA;NA
"Muntingiaceae";0.337655321447866;0.3;NA;NA;NA;NA;NA;NA;0.42;NA;NA;NA;NA
"Musaceae";NA;NA;NA;NA;NA;NA;NA;1.62583518930958;NA;NA;NA;NA;NA
"Myodocarpaceae";NA;0.6344;NA;NA;NA;NA;NA;1.60655737704918;NA;NA;NA;NA;NA
"Myricaceae";0.46916903972336;0.55788475;NA;NA;NA;NA;NA;1.91598700339172;NA;2.03;-1.63012070691696;NA;NA
"Myristicaceae";0.402970643330648;0.497037970238176;NA;NA;NA;0.088;NA;1.82502099642057;0.488466666666667;NA;NA;NA;7465.82955046466
"Myrothamnaceae";NA;NA;NA;NA;NA;NA;NA;NA;NA;0.87;NA;NA;NA
"Myrtaceae";0.436562935847775;0.764796770686644;-1.8523850171266;14.4629477173118;0.4006;0.231076923076923;0.00781486005553613;1.80492642900441;0.42700045;3.08992443174214;-2.16813424300472;17.1577744111188;5708.02237145835
"Nephrolepidaceae";0.131606756804444;NA;NA;NA;NA;NA;NA;1.08995479421279;NA;NA;NA;NA;NA
"Nitrariaceae";NA;NA;NA;NA;NA;NA;NA;2.96123219662336;NA;NA;NA;NA;NA
"Nothofagaceae";0.386941228351699;0.595519977758716;-1.48;8.38;NA;NA;NA;1.84180930977038;0.5225;0.797333333333333;-2.53846875;NA;1642.23661521716
"Nyctaginaceae";0.227691362789527;0.535458445486971;-1.28;NA;NA;NA;NA;2.49934466227352;NA;3.42366666666667;-3.36182248188313;29.1929471797623;43532.7797807393
"Nyssaceae";0.52907797759805;0.478239995748151;NA;NA;NA;NA;NA;0.977281784606478;NA;0.18;-1.73543549773179;NA;6434.40511225876
"Ochnaceae";0.47871121291406;0.720831915602201;NA;NA;NA;NA;NA;1.432343454041;0.484;0.91115;-1.6475300082322;NA;26587.639585095
"Octoknemaceae";NA;0.688010092;NA;NA;NA;NA;NA;NA;NA;NA;NA;NA;NA
"Olacaceae";0.340682508253676;0.660772936507937;NA;NA;NA;NA;NA;2.06789254751145;NA;NA;NA;NA;NA
"Oleaceae";0.405116601735536;0.675426417007891;-2.0461664147819;14.2055555555556;NA;NA;0.004674;1.62671958881919;0.474877222222222;0.844482407142857;-3.32243377552338;1.97011333333333;5695.49225020114
"Oleandraceae";NA;NA;NA;NA;NA;NA;NA;0.941219999999999;NA;NA;NA;NA;NA
"Onagraceae";0.295787347265471;0.450230024055909;-1.2;NA;NA;NA;0.01695058903;1.90088127506429;NA;1.08;-1.625;2.90005738277251;NA
"Onocleaceae";0.26637069922;NA;NA;NA;NA;NA;NA;0.885908233661567;NA;NA;NA;NA;NA
"Ophioglossaceae";0.208485207872674;NA;NA;NA;NA;NA;NA;1.57709989091004;NA;NA;NA;NA;NA
"Opiliaceae";0.3161128717225;0.648067307692308;NA;NA;NA;NA;NA;2.63996970317899;NA;NA;NA;NA;NA
"Orchidaceae";0.187601001134244;NA;-0.53;14.7666666666667;0.236666666666667;NA;NA;1.02344794801293;NA;NA;NA;NA;NA
"Orobanchaceae";0.24262246340952;0.412246563891787;NA;NA;NA;NA;NA;1.40632144493729;0.443702;NA;NA;0.891065970819444;NA
"Orthotrichaceae";NA;NA;NA;NA;NA;NA;NA;0.0711;NA;NA;NA;NA;NA
"Osmundaceae";0.26794871795;NA;NA;NA;NA;NA;NA;0.886000000009071;NA;NA;NA;NA;NA
"Oxalidaceae";0.154122740176612;0.4625442;NA;NA;NA;NA;0.0022523650795;0.412766268480037;NA;NA;NA;NA;NA
"Paeoniaceae";0.285198173924124;NA;-1.86;NA;NA;NA;0.0082;1.0631051303443;NA;NA;NA;NA;NA
"Pandaceae";NA;0.618090334528571;NA;NA;NA;NA;NA;1.88150781390391;NA;1.19631388;-2.6;NA;7971.1134478382
"Pandanaceae";NA;0.3309;NA;NA;NA;NA;NA;1.09948530469896;NA;NA;NA;NA;NA
"Papaveraceae";0.3526679640522;NA;-1.61;NA;NA;NA;NA;2.33043559759412;NA;NA;NA;2.27678035233333;NA
"Paracryphiaceae";0.46860356139;0.519272142857143;NA;NA;NA;NA;NA;1.1337604547515;NA;NA;NA;NA;NA
"Parnassiaceae";NA;0.300331945633005;NA;NA;NA;NA;NA;1.00395645472313;NA;NA;NA;NA;NA
"Passifloraceae";0.195130711244405;0.596666666666667;NA;NA;NA;NA;NA;1.80298298659066;NA;NA;NA;NA;NA
"Paulowniaceae";NA;0.259768746153846;NA;NA;NA;NA;NA;0.150654068406826;NA;NA;NA;NA;NA
"Penaeaceae";NA;0.699419;NA;NA;NA;NA;NA;2.9567023281332;NA;NA;NA;NA;NA
"Pennantiaceae";NA;0.495075;NA;NA;NA;NA;NA;NA;NA;NA;NA;NA;NA
"Pentaphylacaceae";0.370762661678804;0.565963986963384;-1.55;9.27;NA;0.12;NA;1.28837454480384;0.5;NA;-1.2;NA;NA
"Penthoraceae";0.194211017740215;NA;NA;NA;NA;NA;NA;NA;NA;NA;NA;NA;NA
"Peraceae";0.369244158618359;0.662017507577619;NA;NA;NA;NA;NA;1.73692894477103;NA;NA;NA;NA;NA
"Peridiscaceae";NA;0.694508196721311;NA;NA;NA;NA;NA;1.49705143082437;NA;NA;NA;NA;NA
"Phrymaceae";0.109800796812625;0.644;NA;NA;NA;NA;NA;1.40396750248125;NA;NA;NA;NA;2450
"Phyllanthaceae";0.293673077116826;0.608908387914784;-1.26333333333333;13.9666666666667;0.303666666666667;NA;0.00779;1.53703745957936;0.466841666666667;2.53620783733333;-1.93124928034802;9.81015300232635;5904.95380240316
"Phyllocladaceae";0.5787037037;0.592419144472222;NA;NA;NA;NA;0.0050406;2.40144842531359;NA;0.693;-6.92152655492192;NA;3344.48160784959
"Phytolaccaceae";0.258104862008567;0.410504355316978;NA;NA;NA;NA;NA;1.33246560296238;NA;2.041;-2.9;15.7300260195241;88495.5752212389
"Picramniaceae";0.415966419641673;0.620838218971576;NA;NA;NA;NA;NA;1.35145101338992;NA;NA;NA;29.9480993916178;18326.74493
"Picrodendraceae";0.85663377193;0.8414544295;NA;NA;NA;NA;NA;1.22218718481967;NA;3.94;NA;NA;4179.29865226775
"Pinaceae";0.340625723308498;0.447774918417329;-1.7715625;17.8375;0.25875;0.177673684210526;0.00361388340064137;2.35044809763179;0.485834598956965;0.754792723071205;-3.93993435816747;3.70821756474074;3604.91102524412
"Piperaceae";0.207693029845024;0.389199158288194;NA;NA;NA;NA;NA;1.27288742244532;NA;4.438925;NA;NA;17361.1111111111
"Pittosporaceae";0.351753092632738;0.616850940464286;-1.94626221362555;9.7595325523469;0.361;NA;NA;1.22553288002903;0.463;1.78;-1.9328674265623;NA;NA
"Plagiogyriaceae";NA;NA;NA;NA;NA;NA;NA;0.824278094752079;NA;NA;NA;NA;NA
"Plantaginaceae";0.226685115459209;0.252905651836127;NA;NA;NA;NA;0.006108632275;1.49774977328595;0.429494161930052;NA;NA;NA;NA
"Platanaceae";0.4819040172375;0.52986011377136;-1.39;8.81;0.36;0.425;0.00661;1.18617859732269;0.481333333333333;NA;-1.5447656354069;NA;NA
"Plumbaginaceae";0.260399220880091;0.25;NA;NA;NA;NA;NA;2.6123404744545;0.43383976427714;NA;NA;NA;NA
"Poaceae";0.382812894140466;0.331089713410135;-1.13714285714286;4.85666666666667;NA;0.469149453024453;0.0160656859977585;1.37306056164665;0.436301435501605;4.55833333333333;-2.59809585902392;9.18375330703489;NA
"Podocarpaceae";0.50482035806;0.506383867838057;NA;NA;NA;NA;0.0076971;2.07331500533051;0.47;0.46272725;-3.67865247238219;NA;3147.27894984243
"Polemoniaceae";0.272585167735714;0.33824;NA;NA;NA;NA;NA;0.96183333127666;NA;NA;NA;3.75218024133333;NA
"Polygalaceae";0.270827195637234;0.676002530282667;-1.59;26.76;0.414;0.087;NA;1.73905794329696;0.4819;0.161553334;-1.5;NA;14013.3641137437
"Polygonaceae";0.323105786914212;0.562742512633975;-1.6;5.03;NA;NA;0.01392369813;1.9942616235866;0.4477;2.4;-1.83245487061869;19.3220614644516;8927.244015
"Polypodiaceae";0.224426407933478;NA;-1.15833333333333;34.25;0.21;NA;NA;1.01876469226874;NA;NA;-1.43283809341805;NA;NA
"Pontederiaceae";0.15;0.487627157894737;NA;NA;NA;0.24;NA;NA;NA;NA;NA;NA;NA
"Portulacaceae";0.38;NA;NA;NA;NA;NA;NA;0.331484996153567;NA;NA;NA;NA;NA
"Potamogetonaceae";0.158877170234689;NA;NA;NA;NA;NA;NA;0.492484440587966;NA;NA;NA;NA;NA
"Primulaceae";0.33825743873951;0.633609192836788;-1.7;15.32;NA;NA;NA;1.56928207130472;0.422356798629761;1.49383111725;-2.41595238095238;27.6832821368323;4672.92085687917
"Proteaceae";0.460752705814541;0.656385804748743;-2.10673419709462;15.525;NA;NA;0.00959111294366667;1.98338559394108;NA;1.67043927082857;-3.00232081794215;NA;3195.30815392819
"Pteleocarpaceae";NA;0.635;NA;NA;NA;NA;NA;NA;NA;NA;NA;NA;NA
"Pteridaceae";0.277873638272244;0.6304249575;NA;NA;NA;NA;NA;1.35924129093915;NA;NA;-1.62965199760064;NA;NA
"Putranjivaceae";0.384949516684893;0.692164627429369;NA;NA;NA;NA;NA;2.07679416603089;NA;0.6;-2.21502793643171;NA;12724.499694128
"Quiinaceae";0.427460589397643;0.826054444444444;NA;NA;NA;NA;NA;1.18808801390636;NA;NA;NA;NA;NA
"Quillajaceae";NA;NA;NA;NA;NA;NA;NA;NA;0.49;NA;NA;NA;NA
"Ranunculaceae";0.240001653876248;0.268894823884748;NA;NA;NA;NA;0.0096204132275;1.57032153914592;0.440859977594164;NA;-1.61;6.64035567355082;23795
"Resedaceae";0.150736262516336;NA;NA;NA;NA;NA;NA;2.0533506465608;NA;NA;NA;NA;NA
"Restionaceae";NA;NA;NA;NA;NA;NA;NA;3.72470505391761;NA;NA;NA;NA;NA
"Rhabdodendraceae";0.2511215414825;0.8;NA;NA;NA;NA;NA;NA;NA;NA;NA;NA;NA
"Rhamnaceae";0.446202117285969;0.650189663577687;-2.04166666666667;6.2;0.077;NA;NA;2.06502453401838;0.47455;1.93125972222222;-5.05833050835739;NA;3923.40631239939
"Rhizogoniaceae";NA;NA;NA;NA;NA;NA;NA;0.12;NA;NA;NA;NA;NA
"Rhizophoraceae";0.333924561328394;0.722579464083684;-2.32;9.65;NA;NA;NA;1.83573570773152;0.405166666666667;1.105;-5.18539583333333;NA;3532.78559559375
"Rosaceae";0.441483945222321;0.597129180367469;-1.76668674123645;10.8129578696051;0.482;0.531666666666667;0.009282047106;1.43068602846816;0.4424621140625;5.68957093231579;-4.29208789021617;2.38902833952381;6968.83011854992
"Rousseaceae";NA;0.617;NA;NA;NA;NA;NA;NA;NA;NA;NA;NA;NA
"Rubiaceae";0.317493628951377;0.616197415727128;-1.68156322801299;12.9380152822738;0.45;NA;0.00615;1.53038666599362;0.463113555555556;2.124028997;-2.74289163635352;11.6021235569776;16317.5609145285
"Rutaceae";0.345830932032825;0.634717435031763;NA;NA;NA;NA;0.00902;1.99783725731265;0.473292857142857;1.5498517088;-1.49571428571429;16.6300661008869;11295.7837205237
"Sabiaceae";0.226925755254;0.476655009740703;NA;NA;NA;NA;NA;1.08184884058604;NA;NA;NA;NA;5863.83252808792
"Salicaceae";0.414989395376933;0.553823730362371;-1.89166666666667;15.555;NA;0.337333333333333;0.008668045751;1.74085364191967;0.478756458333333;3.05084232627604;-1.93095205187125;5.80789569589274;11418.0836682698
"Salvadoraceae";NA;0.59409;NA;NA;NA;NA;NA;3.94485394485395;NA;NA;NA;NA;NA
"Salviniaceae";NA;NA;NA;NA;NA;NA;NA;0.128230240549828;NA;NA;NA;NA;NA
"Santalaceae";0.263824049834385;0.774182941560952;NA;NA;NA;NA;NA;3.30374866176133;NA;1.85954931383333;NA;NA;3174.74426343802
"Sapindaceae";0.403102200558776;0.66769816191192;-1.35716505387679;7.15699145299146;0.1;0.211962962962963;0.0035583286055625;1.57033728419444;0.475598812777778;2.56072416602721;-2.30038209725496;12.1314268717516;7130.5986648735
"Sapotaceae";0.447876464497425;0.673354852478736;-1.785;17.835;0.383;0.187;NA;1.95645079941952;0.457571428571429;0.5590170398;-1.98244897959184;18.0307843424927;7908.25334261404
"Sarcobataceae";NA;NA;NA;NA;NA;NA;NA;NA;NA;NA;-2.17452854418839;NA;NA
"Sarcolaenaceae";NA;0.898820468875;NA;NA;NA;NA;NA;NA;NA;NA;NA;NA;NA
"Sarraceniaceae";NA;NA;NA;NA;NA;NA;NA;1.1793987166944;NA;NA;NA;NA;NA
"Saxifragaceae";0.143769230739914;NA;NA;NA;NA;NA;NA;0.762452269910424;NA;NA;NA;NA;NA
"Schisandraceae";NA;0.579213;NA;NA;NA;NA;NA;0.919315459071789;0.455;NA;-2.66533333333333;NA;NA
"Schoepfiaceae";0.34744136911;0.715710022885808;NA;NA;NA;NA;NA;2.91998950797947;NA;NA;NA;NA;NA
"Sciadopityaceae";NA;0.632;NA;NA;NA;NA;0.0066554;NA;NA;0.44;-2.4279818235;NA;NA
"Scrophulariaceae";0.337522591776574;0.647766043505087;-1.21;NA;NA;NA;NA;2.63316100849565;0.44;0.235;NA;NA;1341.78410675775
"Selaginellaceae";0.2176;NA;NA;NA;NA;NA;NA;NA;NA;NA;NA;NA;NA
"Sematophyllaceae";NA;NA;NA;NA;NA;NA;NA;0.0899;NA;NA;NA;NA;NA
"Simaroubaceae";0.333887981558883;0.415508824727257;NA;NA;NA;0.632;NA;1.83580885251009;0.464916666666667;2.43;-1.50435670076414;NA;10548.4922205882
"Simmondsiaceae";NA;NA;-2.42;NA;NA;NA;NA;4.81959506393587;NA;NA;NA;NA;NA
"Siparunaceae";0.295500995939092;0.627182905109188;NA;NA;NA;NA;NA;1.68867364757186;NA;NA;NA;NA;4727.72946999999
"Sladeniaceae";NA;0.57;NA;NA;NA;NA;NA;NA;NA;NA;NA;NA;NA
"Smilacaceae";0.201770921555;0.734302068771506;NA;NA;NA;NA;NA;1.01570360097531;NA;NA;NA;NA;NA
"Solanaceae";0.245847362312214;0.48130838262745;-1.072;9.465;NA;0.6;NA;2.02489076233628;0.4325;3.6970125;-1.61911029494769;NA;25715.0003385772
"Stachyuraceae";NA;NA;NA;NA;NA;NA;NA;NA;NA;0.55;-4.07914549136648;NA;NA
"Staphyleaceae";0.280131783482318;0.416054836484954;NA;NA;NA;NA;NA;0.943900220030802;0.449;2.65;-1.99813124951641;NA;7311.4423870916
"Stemonuraceae";0.312301171589375;0.512380192307692;NA;NA;NA;NA;NA;1.99370576096724;NA;NA;-0.18;NA;NA
"Stilbaceae";0.45770890505;0.678755;NA;NA;NA;NA;NA;NA;NA;NA;NA;NA;NA
"Stixaceae";NA;0.84;NA;NA;NA;NA;NA;2.98695835091707;NA;NA;NA;NA;NA
"Strombosiaceae";NA;0.70274648589044;NA;NA;NA;NA;NA;2.61669695294198;NA;NA;NA;NA;NA
"Stylidiaceae";NA;NA;NA;NA;NA;NA;NA;1.43507827553264;NA;NA;NA;NA;NA
"Styracaceae";0.335713588554167;0.460405899760158;-2.28;24.565;NA;NA;NA;1.39814493160455;0.475;2.34072222222222;-2.675;NA;3496.61980196731
"Surianaceae";0.284396305204118;0.924045;NA;NA;NA;NA;NA;NA;NA;NA;NA;NA;NA
"Symplocaceae";0.4826659817865;0.517083494738095;-1.485;NA;NA;NA;NA;1.16881774777221;NA;3.2;-2.10740740740741;NA;4572.09041277616
"Talinaceae";0.178593296958335;NA;NA;NA;NA;NA;NA;NA;NA;NA;NA;NA;NA
"Tamaricaceae";NA;0.6636284375;NA;NA;NA;NA;NA;2.05855972898825;NA;2.66;-1.27804033742347;NA;NA
"Tapisciaceae";NA;0.388592394242457;NA;NA;NA;NA;NA;1.23890425210893;NA;NA;NA;NA;13677.69753
"Taxaceae";0.454175856908444;0.516943330174651;NA;NA;NA;NA;0.0037033;2.17706004028642;NA;0.32;-6.98384926926191;NA;NA
"Tectariaceae";0.158248584041313;NA;NA;NA;NA;NA;NA;1.11588502088721;NA;NA;-1.24436600418157;NA;NA
"Tetradiclidaceae";NA;NA;NA;NA;NA;NA;NA;4.27526682839197;NA;NA;NA;NA;NA
"Tetramelaceae";NA;0.304223;NA;NA;NA;NA;NA;NA;NA;NA;NA;NA;NA
"Tetrameristaceae";NA;0.635;-2.97;NA;NA;NA;NA;NA;NA;NA;NA;NA;NA
"Theaceae";0.403915793955943;0.566828477769515;NA;NA;NA;0.46;0.0068780725;1.21707936880369;0.47605;2.817955752;-3.3275;NA;6671.10304459161
"Thelypteridaceae";0.223084730980828;NA;NA;NA;NA;NA;NA;0.726677972124514;NA;NA;-1.13673406075326;NA;NA
"Thesiaceae";NA;0.60974;NA;NA;NA;NA;NA;NA;NA;NA;NA;NA;NA
"Thymelaeaceae";0.312939883757606;0.522725088290702;NA;NA;NA;NA;NA;1.79827409353467;NA;0.562765019333333;-4.39687164558337;NA;2285.01060146011
"Tofieldiaceae";NA;NA;NA;NA;NA;NA;NA;1.50119999999843;NA;NA;NA;NA;NA
"Torricelliaceae";0.338354123932;NA;NA;NA;NA;NA;NA;NA;NA;NA;NA;NA;NA
"Trigoniaceae";NA;0.696666666666667;NA;NA;NA;NA;NA;NA;NA;NA;NA;NA;NA
"Trimeniaceae";NA;NA;NA;NA;NA;NA;NA;NA;NA;NA;-0.818;NA;NA
"Trochodendraceae";NA;0.336651;NA;NA;NA;NA;NA;NA;NA;NA;-1.885;NA;NA
"Turneraceae";NA;0.626521250865857;NA;NA;NA;NA;NA;NA;NA;NA;NA;NA;NA
"Typhaceae";0.16887851528733;NA;NA;NA;NA;NA;NA;1.65665792159407;NA;NA;NA;NA;NA
"Ulmaceae";0.452000723890764;0.597953061744158;NA;NA;NA;0.4425;NA;1.45334486042602;0.4859;0.621;NA;NA;18867.9245283019
"Urticaceae";0.308967618583414;0.375100477951934;-1.04025;9.1265;NA;0.6075;NA;1.79261557613857;0.455572222222222;4.986;-0.778649526239838;28.2300943265703;14813.3677551838
"Verbenaceae";0.288671956070202;0.576542656618541;-1.1;4.85;0.227;NA;0.012;2.07207268864975;NA;1.72;-1.71931463032208;NA;8196.72131147541
"Violaceae";0.328865248924881;0.610596550340336;-1.39;17.84;0.372;NA;NA;1.39994340842948;0.447173333333333;NA;-2.57519345712334;3.33366760711111;6480.82437037667
"Viscaceae";NA;NA;NA;NA;NA;NA;NA;2.87458999999543;NA;NA;NA;NA;NA
"Vitaceae";0.387277732211127;0.4965250286;-1.2929;6.647;NA;NA;0.0056426443465;1.00372779072401;NA;NA;-0.352;NA;1444.04332200574
"Vochysiaceae";0.401522277841038;0.553545052628763;-2.135;19.995;NA;NA;NA;1.65290184348716;0.475941666666667;1.47566666666666;-1.45830128205128;NA;5494.13423982701
"Wightiaceae";NA;0.192864;NA;NA;NA;NA;NA;NA;NA;NA;NA;NA;NA
"Winteraceae";0.322872130412729;0.523656895309225;-1.48;11.62;NA;NA;NA;1.4661438531512;NA;0.413333333333333;-3.40996666665833;NA;2480.88479681619
"Ximeniaceae";0.8709686747;0.832300761466794;NA;NA;NA;NA;NA;4.82331260787438;NA;NA;NA;NA;NA
"Zamiaceae";0.392021574682986;NA;NA;NA;NA;NA;NA;3.12708548823185;NA;NA;NA;NA;NA
"Zingiberaceae";NA;NA;NA;NA;NA;NA;NA;1.07735091803259;NA;NA;NA;NA;NA
"Zygophyllaceae";0.420784092647565;0.855405207236066;-2.78;NA;NA;0.158076923076923;NA;3.05552717974161;NA;NA;-3.82333676722659;NA;NA
